article_title,preview_url,planned_permanent_url,suggested_primary_keyword,suggested_secondary_keywords,status
Anaphylaxis: Current Insights into Diagnosis and Management for Emergency Clinicians,https://lightcoral-chicken-832806.hostingersite.com/article/anaphylaxis-current-insights-into-diagnosis-and-management-for-emergency-clinicians,https://sjcjournal.com/article/anaphylaxis-current-insights-into-diagnosis-and-management-for-emergency-clinicians,anaphylaxis diagnosis,anaphylaxis management; emergency clinicians,Title-based suggestion; editor must verify against original article; no search-volume data measured
Ruptured Sinus of Valsalva: Curious Case of Transient Loss of Consciousness,https://lightcoral-chicken-832806.hostingersite.com/article/ruptured-sinus-of-valsalva-curious-case-of-transient-loss-of-consciousness,https://sjcjournal.com/article/ruptured-sinus-of-valsalva-curious-case-of-transient-loss-of-consciousness,ruptured sinus of Valsalva,transient loss of consciousness; cardiology case report,Title-based suggestion; editor must verify against original article; no search-volume data measured
Reversibility of Dilated Cardiomyopathy in a child with Sepsis,https://lightcoral-chicken-832806.hostingersite.com/article/reversibility-of-dilated-cardiomyopathy-in-a-child-with-sepsis,https://sjcjournal.com/article/reversibility-of-dilated-cardiomyopathy-in-a-child-with-sepsis,sepsis-associated dilated cardiomyopathy,pediatric cardiomyopathy; reversibility,Title-based suggestion; editor must verify against original article; no search-volume data measured
An Interesting Differential for Orthopnoea: Leiomyosarcomas,https://lightcoral-chicken-832806.hostingersite.com/article/an-interesting-differential-for-orthopnoea-leiomyosarcomas,https://sjcjournal.com/article/an-interesting-differential-for-orthopnoea-leiomyosarcomas,leiomyosarcoma and orthopnoea,orthopnoea differential diagnosis; case report,Title-based suggestion; editor must verify against original article; no search-volume data measured
KHAT ASSOCIATED CVS COMPLICATIONS: A CASE REPORT OF ETHIOPIAN MALE,https://lightcoral-chicken-832806.hostingersite.com/article/khat-associated-cvs-complications-a-case-report-of-ethiopian-male,https://sjcjournal.com/article/khat-associated-cvs-complications-a-case-report-of-ethiopian-male,khat cardiovascular complications,khat-associated cardiovascular disease; case report,Title-based suggestion; editor must verify against original article; no search-volume data measured
Resolving asymptomatic Triple Vessel coronary artery disease with Coronary artery bypass grafting in diabetic patients,https://lightcoral-chicken-832806.hostingersite.com/article/resolving-asymptomatic-triple-vessel-coronary-artery-disease-with-coronary-artery-bypass-grafting-in-diabetic-patients,https://sjcjournal.com/article/resolving-asymptomatic-triple-vessel-coronary-artery-disease-with-coronary-artery-bypass-grafting-in-diabetic-patients,triple vessel coronary artery disease,coronary artery bypass grafting; diabetes,Title-based suggestion; editor must verify against original article; no search-volume data measured
COMPLICATIONS OF SUBARACHNOID HEMORRHAGE ON THE HEART,https://lightcoral-chicken-832806.hostingersite.com/article/complications-of-subarachnoid-hemorrhage-on-the-heart,https://sjcjournal.com/article/complications-of-subarachnoid-hemorrhage-on-the-heart,subarachnoid hemorrhage cardiac complications,subarachnoid hemorrhage; heart complications,Title-based suggestion; editor must verify against original article; no search-volume data measured
LATE LEAD FAILURE IN CARDIAC IMPLANTABLE ELECTRONIC DEVICES: “CATASTROPHIC IF MISSED”,https://lightcoral-chicken-832806.hostingersite.com/article/late-lead-failure-in-cardiac-implantable-electronic-devices-catastrophic-if-missed,https://sjcjournal.com/article/late-lead-failure-in-cardiac-implantable-electronic-devices-catastrophic-if-missed,cardiac implantable electronic device lead failure,late lead failure; CIED complications,Title-based suggestion; editor must verify against original article; no search-volume data measured
UNVEILING CARDIO-ANKLE VASCULAR INDEX: AN INDEPENDENT PREDICTOR OF HYPERTENSIVE RESPONSE TO EXERCISE,https://lightcoral-chicken-832806.hostingersite.com/article/unveiling-cardio-ankle-vascular-index-an-independent-predictor-of-hypertensive-response-to-exercise,https://sjcjournal.com/article/unveiling-cardio-ankle-vascular-index-an-independent-predictor-of-hypertensive-response-to-exercise,cardio-ankle vascular index,hypertensive response to exercise; vascular stiffness,Title-based suggestion; editor must verify against original article; no search-volume data measured
"Approach Protocol for Patients with; Chronic Coronary Syndrome, Aortic Stenosis and Acute Pumonary Thromboembolia, During the Sanitary Emergency due to COVID-19, In the Hospital South-Central Hospital (HCSAE), Pemex, Mexico City.",https://lightcoral-chicken-832806.hostingersite.com/article/approach-protocol-for-patients-with-chronic-coronary-syndrome-aortic-stenosis-and-acute-pumonary-thromboembolia-during-the-sanitary-emergency-due-to-covid-19-in-the-hospital-south-central-hospital-hcsae-pemex-mexico-city,https://sjcjournal.com/article/approach-protocol-for-patients-with-chronic-coronary-syndrome-aortic-stenosis-and-acute-pumonary-thromboembolia-during-the-sanitary-emergency-due-to-covid-19-in-the-hospital-south-central-hospital-hcsae-pemex-mexico-city,cardiovascular care during COVID-19,chronic coronary syndrome; aortic stenosis; pulmonary thromboembolism,Title-based suggestion; editor must verify against original article; no search-volume data measured
COVID-19 and its impact at the Myocardial level,https://lightcoral-chicken-832806.hostingersite.com/article/covid-19-and-its-impact-at-the-myocardial-level,https://sjcjournal.com/article/covid-19-and-its-impact-at-the-myocardial-level,COVID-19 myocardial involvement,COVID-19; myocardium,Title-based suggestion; editor must verify against original article; no search-volume data measured
"Kawasaki disease with COVID-19 positive children, evaluation of multi-system inflammatory syndrome in children (MIS-C): A Case Study",https://lightcoral-chicken-832806.hostingersite.com/article/kawasaki-disease-with-covid-19-positive-children-evaluation-of-multi-system-inflammatory-syndrome-in-children-mis-c-a-case-study,https://sjcjournal.com/article/kawasaki-disease-with-covid-19-positive-children-evaluation-of-multi-system-inflammatory-syndrome-in-children-mis-c-a-case-study,Kawasaki disease and COVID-19,multisystem inflammatory syndrome in children; pediatric cardiology,Title-based suggestion; editor must verify against original article; no search-volume data measured
"Case report of single coronary artery subtype (R-IIA) in a female patient, with cerebral hemorrhage, its evaluation, and life expectancy",https://lightcoral-chicken-832806.hostingersite.com/article/case-report-of-single-coronary-artery-subtype-r-iia-in-a-female-patient-with-cerebral-hemorrhage-its-evaluation-and-life-expectancy,https://sjcjournal.com/article/case-report-of-single-coronary-artery-subtype-r-iia-in-a-female-patient-with-cerebral-hemorrhage-its-evaluation-and-life-expectancy,single coronary artery R-IIA,coronary artery anomaly; cerebral hemorrhage,Title-based suggestion; editor must verify against original article; no search-volume data measured
"Re-dilation of Coronary Arteries of a Child with H/O Atypical Kawasaki Disease, following Chickenpox: A Case Study",https://lightcoral-chicken-832806.hostingersite.com/article/re-dilation-of-coronary-arteries-of-a-child-with-ho-atypical-kawasaki-disease-following-chickenpox-a-case-study,https://sjcjournal.com/article/re-dilation-of-coronary-arteries-of-a-child-with-ho-atypical-kawasaki-disease-following-chickenpox-a-case-study,Kawasaki disease coronary artery dilation,chickenpox; pediatric coronary arteries,Title-based suggestion; editor must verify against original article; no search-volume data measured
An unusual presentation of chronic eosinophilic leukemia as pulmonary arterial hypertension- A Case Report,https://lightcoral-chicken-832806.hostingersite.com/article/an-unusual-presentation-of-chronic-eosinophilic-leukemia-as-pulmonary-arterial-hypertension-a-case-report,https://sjcjournal.com/article/an-unusual-presentation-of-chronic-eosinophilic-leukemia-as-pulmonary-arterial-hypertension-a-case-report,chronic eosinophilic leukemia and pulmonary hypertension,pulmonary arterial hypertension; case report,Title-based suggestion; editor must verify against original article; no search-volume data measured
"Cardiac Rehabilitation, Altered Nutritional State, Dyslipedmia and the Impact on the Quality Of Life in Adults with Heart Failure",https://lightcoral-chicken-832806.hostingersite.com/article/cardiac-rehabilitation-altered-nutritional-state-dyslipedmia-and-the-impact-on-the-quality-of-life-in-adults-with-heart-failure,https://sjcjournal.com/article/cardiac-rehabilitation-altered-nutritional-state-dyslipedmia-and-the-impact-on-the-quality-of-life-in-adults-with-heart-failure,cardiac rehabilitation in heart failure,nutritional status; dyslipidemia; quality of life,Title-based suggestion; editor must verify against original article; no search-volume data measured
Pulse Pressure Related to Type 4 Cardiorenal Syndrome and Peguero – Lo Presti Positive Index in Patients with Chronic Kidney Disease Stage G5.,https://lightcoral-chicken-832806.hostingersite.com/article/pulse-pressure-related-to-type-4-cardiorenal-syndrome-and-peguero-lo-presti-positive-index-in-patients-with-chronic-kidney-disease-stage-g5,https://sjcjournal.com/article/pulse-pressure-related-to-type-4-cardiorenal-syndrome-and-peguero-lo-presti-positive-index-in-patients-with-chronic-kidney-disease-stage-g5,pulse pressure and cardiorenal syndrome,type 4 cardiorenal syndrome; Peguero-Lo Presti index; chronic kidney disease,Title-based suggestion; editor must verify against original article; no search-volume data measured
Left Ventricular Hypertrophy and Kidney Injury Associated to Cardiovascular Disease in Diabetic Patients with Arterial Systemic Hypertension.,https://lightcoral-chicken-832806.hostingersite.com/article/left-ventricular-hypertrophy-and-kidney-injury-associated-to-cardiovascular-disease-in-diabetic-patients-with-arterial-systemic-hypertension,https://sjcjournal.com/article/left-ventricular-hypertrophy-and-kidney-injury-associated-to-cardiovascular-disease-in-diabetic-patients-with-arterial-systemic-hypertension,left ventricular hypertrophy in diabetes,kidney injury; arterial hypertension; cardiovascular disease,Title-based suggestion; editor must verify against original article; no search-volume data measured
Blue-collar Employees and Cardiovascular Health: A Cross-sectional Study,https://lightcoral-chicken-832806.hostingersite.com/article/blue-collar-employees-and-cardiovascular-health-a-cross-sectional-study,https://sjcjournal.com/article/blue-collar-employees-and-cardiovascular-health-a-cross-sectional-study,cardiovascular health in blue-collar employees,occupational cardiovascular health; cross-sectional study,Title-based suggestion; editor must verify against original article; no search-volume data measured
Anomalous Origin of Left Coronary Artery from Right Sinus of Valsalva: A Case Report,https://lightcoral-chicken-832806.hostingersite.com/article/anomalous-origin-of-left-coronary-artery-from-right-sinus-of-valsalva-a-case-report,https://sjcjournal.com/article/anomalous-origin-of-left-coronary-artery-from-right-sinus-of-valsalva-a-case-report,anomalous left coronary artery origin,right sinus of Valsalva; coronary artery anomaly,Title-based suggestion; editor must verify against original article; no search-volume data measured
Radial Vs Femoral Approach for Coronary Angiography. A Retrospective Study at Beirut General University Hospital from January to December 2014.,https://lightcoral-chicken-832806.hostingersite.com/article/radial-vs-femoral-approach-for-coronary-angiography-a-retrospective-study-at-beirut-general-university-hospital-from-january-to-december-2014,https://sjcjournal.com/article/radial-vs-femoral-approach-for-coronary-angiography-a-retrospective-study-at-beirut-general-university-hospital-from-january-to-december-2014,radial versus femoral coronary angiography,coronary angiography access; retrospective study,Title-based suggestion; editor must verify against original article; no search-volume data measured
Prerequisite for projection data and reconstruction not to cause truncation artifacts in myocardial perfusion single- photon emission computed tomography: Phantom study,https://lightcoral-chicken-832806.hostingersite.com/article/prerequisite-for-projection-data-and-reconstruction-not-to-cause-truncation-artifacts-in-myocardial-perfusion-single-photon-emission-computed-tomography-phantom-study,https://sjcjournal.com/article/prerequisite-for-projection-data-and-reconstruction-not-to-cause-truncation-artifacts-in-myocardial-perfusion-single-photon-emission-computed-tomography-phantom-study,myocardial perfusion SPECT truncation artifacts,projection data; image reconstruction; phantom study,Title-based suggestion; editor must verify against original article; no search-volume data measured
Burden of Cardiovascular Diseases in the GCC Countries:-Finding from the Global Burden Diseases Study 1990-2017,https://lightcoral-chicken-832806.hostingersite.com/article/burden-of-cardiovascular-diseases-in-the-gcc-countries-finding-from-the-global-burden-diseases-study-1990-2017,https://sjcjournal.com/article/burden-of-cardiovascular-diseases-in-the-gcc-countries-finding-from-the-global-burden-diseases-study-1990-2017,cardiovascular disease burden in GCC countries,Global Burden of Disease; GCC cardiovascular health,Title-based suggestion; editor must verify against original article; no search-volume data measured
Cardiac Findings of Multisystem Inflammatory Syndrome in Children (MIS-C) with Corona Virus Disease 2019 (COVID-19),https://lightcoral-chicken-832806.hostingersite.com/article/cardiac-findings-of-multisystem-inflammatory-syndrome-in-children-mis-c-with-corona-virus-disease-2019-covid-19,https://sjcjournal.com/article/cardiac-findings-of-multisystem-inflammatory-syndrome-in-children-mis-c-with-corona-virus-disease-2019-covid-19,MIS-C cardiac findings,COVID-19; multisystem inflammatory syndrome in children,Title-based suggestion; editor must verify against original article; no search-volume data measured
Transcatheter Closure of Patent Ductus Arteriosus with Pulmonary Arterial Hypertension of Down Syndrome Children: Case Reports:,https://lightcoral-chicken-832806.hostingersite.com/article/transcatheter-closure-of-patent-ductus-arteriosus-with-pulmonary-arterial-hypertension-of-down-syndrome-children-case-reports,https://sjcjournal.com/article/transcatheter-closure-of-patent-ductus-arteriosus-with-pulmonary-arterial-hypertension-of-down-syndrome-children-case-reports,patent ductus arteriosus transcatheter closure,Down syndrome; pulmonary arterial hypertension,Title-based suggestion; editor must verify against original article; no search-volume data measured
Right Sided Precordial Leads Electrocardiographic Mapping in Normal Individuals and in Patient with Acute Myocardial Infarction and Various Intra Ventricular Conduction Defect,https://lightcoral-chicken-832806.hostingersite.com/article/right-sided-precordial-leads-electrocardiographic-mapping-in-normal-individuals-and-in-patient-with-acute-myocardial-infarction-and-various-intra-ventricular-conduction-defect,https://sjcjournal.com/article/right-sided-precordial-leads-electrocardiographic-mapping-in-normal-individuals-and-in-patient-with-acute-myocardial-infarction-and-various-intra-ventricular-conduction-defect,right-sided precordial ECG leads,acute myocardial infarction; intraventricular conduction defect,Title-based suggestion; editor must verify against original article; no search-volume data measured
Lipid Risk Factors in Atherothrombotic Disease: Is the Cholesterol Retention Fraction Better than Low-density Lipoprotein Cholesterol?,https://lightcoral-chicken-832806.hostingersite.com/article/lipid-risk-factors-in-atherothrombotic-disease-is-the-cholesterol-retention-fraction-better-than-low-density-lipoprotein-cholesterol,https://sjcjournal.com/article/lipid-risk-factors-in-atherothrombotic-disease-is-the-cholesterol-retention-fraction-better-than-low-density-lipoprotein-cholesterol,atherothrombotic disease lipid risk factors,cholesterol retention fraction; LDL cholesterol,Title-based suggestion; editor must verify against original article; no search-volume data measured
Distal radial access for routine consideration in coronary angiography-safety and feasibility study,https://lightcoral-chicken-832806.hostingersite.com/article/distal-radial-access-for-routine-consideration-in-coronary-angiography-safety-and-feasibility-study,https://sjcjournal.com/article/distal-radial-access-for-routine-consideration-in-coronary-angiography-safety-and-feasibility-study,distal radial access for coronary angiography,distal radial access safety; feasibility study,Title-based suggestion; editor must verify against original article; no search-volume data measured
A COMPARATIVE STUDY ON RIGHT VENTRICULAR OUTFLOW-TRACT AND RIGHT VENTRICULAR APICAL PACING IN ELDERLY PATIENTS WITH COMPLETE HEART BLOCK HAVING NORMAL LEFT VENTRICULAR EJECTION FRACTION,https://lightcoral-chicken-832806.hostingersite.com/article/a-comparative-study-on-right-ventricular-outflow-tract-and-right-ventricular-apical-pacing-in-elderly-patients-with-complete-heart-block-having-normal-left-ventricular-ejection-fraction,https://sjcjournal.com/article/a-comparative-study-on-right-ventricular-outflow-tract-and-right-ventricular-apical-pacing-in-elderly-patients-with-complete-heart-block-having-normal-left-ventricular-ejection-fraction,right ventricular outflow tract versus apical pacing,complete heart block; elderly patients; left ventricular ejection fraction,Title-based suggestion; editor must verify against original article; no search-volume data measured
Post-PCI LAD aneurysm in a SARS-CoV-2 IgG positive patient,https://lightcoral-chicken-832806.hostingersite.com/article/post-pci-lad-aneurysm-in-a-sars-cov-2-igg-positive-patient,https://sjcjournal.com/article/post-pci-lad-aneurysm-in-a-sars-cov-2-igg-positive-patient,post-PCI LAD aneurysm,SARS-CoV-2 IgG; coronary artery aneurysm,Title-based suggestion; editor must verify against original article; no search-volume data measured
Burden of cardiovascular diseases in Qatar for main causes from 1990 to 2019,https://lightcoral-chicken-832806.hostingersite.com/article/burden-of-cardiovascular-diseases-in-qatar-for-main-causes-from-1990-to-2019,https://sjcjournal.com/article/burden-of-cardiovascular-diseases-in-qatar-for-main-causes-from-1990-to-2019,cardiovascular disease burden in Qatar,Qatar cardiovascular health; 1990 to 2019,Title-based suggestion; editor must verify against original article; no search-volume data measured
Interventional management of acute myocardial infarction type 5. Case presentation and literature review,https://lightcoral-chicken-832806.hostingersite.com/article/interventional-management-of-acute-myocardial-infarction-type-5-case-presentation-and-literature-review,https://sjcjournal.com/article/interventional-management-of-acute-myocardial-infarction-type-5-case-presentation-and-literature-review,type 5 myocardial infarction management,interventional management; case report,Title-based suggestion; editor must verify against original article; no search-volume data measured
"Syntax Residual Como Predictor De Efectos Adversos Post Angioplastia Percutanea, Seguimiento a 3 Años",https://lightcoral-chicken-832806.hostingersite.com/article/syntax-residual-como-predictor-de-efectos-adversos-post-angioplastia-percutanea-seguimiento-a-3-anos,https://sjcjournal.com/article/syntax-residual-como-predictor-de-efectos-adversos-post-angioplastia-percutanea-seguimiento-a-3-anos,residual SYNTAX score after angioplasty,percutaneous angioplasty; adverse events; three-year follow-up,Title-based suggestion; editor must verify against original article; no search-volume data measured
Drug-Induced Long QT: Case Report,https://lightcoral-chicken-832806.hostingersite.com/article/drug-induced-long-qt-case-report,https://sjcjournal.com/article/drug-induced-long-qt-case-report,drug-induced long QT,long QT syndrome; cardiology case report,Title-based suggestion; editor must verify against original article; no search-volume data measured
Characteristics and Management of Heart Failure: A Retrospective Single Center Study in Cambodia,https://lightcoral-chicken-832806.hostingersite.com/article/characteristics-and-management-of-heart-failure-a-retrospective-single-center-study-in-cambodia,https://sjcjournal.com/article/characteristics-and-management-of-heart-failure-a-retrospective-single-center-study-in-cambodia,heart failure management in Cambodia,heart failure characteristics; retrospective study,Title-based suggestion; editor must verify against original article; no search-volume data measured
"PROSPECTIVE, NON-INTERVENTIONAL, OBSERVATIONAL STUDY ASSESSING THE EFFECTIVENESS OF PERINDOPRIL AND PERINDOPRIL/INDAPAMIDE IN A BANGLADESHI POPULATION OF PATIENTS WITH HYPERTENSION",https://lightcoral-chicken-832806.hostingersite.com/article/prospective-non-interventional-observational-study-assessing-the-effectiveness-of-perindopril-and-perindoprilindapamide-in-a-bangladeshi-population-of-patients-with-hypertension,https://sjcjournal.com/article/prospective-non-interventional-observational-study-assessing-the-effectiveness-of-perindopril-and-perindoprilindapamide-in-a-bangladeshi-population-of-patients-with-hypertension,perindopril in hypertension,perindopril indapamide; Bangladesh; observational study,Title-based suggestion; editor must verify against original article; no search-volume data measured
Impact of QRS Duration Limits on Cardiac Resynchronization Therapy in Heart Failure Patients: A Retrospective Cohort Study,https://lightcoral-chicken-832806.hostingersite.com/article/impact-of-qrs-duration-limits-on-cardiac-resynchronization-therapy-in-heart-failure-patients-a-retrospective-cohort-study,https://sjcjournal.com/article/impact-of-qrs-duration-limits-on-cardiac-resynchronization-therapy-in-heart-failure-patients-a-retrospective-cohort-study,QRS duration and cardiac resynchronization therapy,heart failure; retrospective cohort study,Title-based suggestion; editor must verify against original article; no search-volume data measured
Blood pressure measurement knowledge among final year medical students an interventional pre-post analysis,https://lightcoral-chicken-832806.hostingersite.com/article/blood-pressure-measurement-knowledge-among-final-year-medical-students-an-interventional-pre-post-analysis,https://sjcjournal.com/article/blood-pressure-measurement-knowledge-among-final-year-medical-students-an-interventional-pre-post-analysis,blood pressure measurement knowledge,final year medical students; pre-post intervention,Title-based suggestion; editor must verify against original article; no search-volume data measured
SPONTANEOUS FEMORAL ARTERY DISSECTION: A CASE REPORT,https://lightcoral-chicken-832806.hostingersite.com/article/spontaneous-femoral-artery-dissection-a-case-report,https://sjcjournal.com/article/spontaneous-femoral-artery-dissection-a-case-report,spontaneous femoral artery dissection,femoral artery dissection; vascular case report,Title-based suggestion; editor must verify against original article; no search-volume data measured
